Layers,Epochs,Learning Rate,Momentum,Activation,MSE Mean,MSE Std,MAE Mean,MAE Std,MAPE Mean,MAPE Std
"[9, 8, 4, 1]",100,0.1,0.8,sigmoid,0.001652368792764741,0.00040497884627588,0.02557193696902766,0.0034441201596131722,21.932636072111812,0.842218152197088
"[9, 8, 4, 1]",200,0.1,0.2,sigmoid,0.0012834305553886612,7.503632203253305e-05,0.022674732117513852,0.000508489908552186,21.075846857585184,1.0212594453315376
"[9, 32, 16, 8, 1]",100,0.01,0.8,tanh,0.001633515536370071,4.595733105300401e-05,0.026149812593107728,0.001150845291731484,25.13055047733324,4.788224452693073
"[9, 32, 16, 8, 1]",200,0.01,0.2,tanh,0.0016294011325406427,0.00022639044358303142,0.0259241842806657,0.0025218718822621316,21.70148300901775,2.091991297716678
